Date,,Bank rate,Chartered bank administered interest rates - Prime rate 1,Chartered bank - consumer loan rate 1,"Forward premium or discount (-), United States dollars in Canada: 1 month (Terminated)","Forward premium or discount (-), United States dollars in Canada: 3 month (Terminated)",Prime corporate paper rate: 1 month (Terminated) 2 3,Prime corporate paper rate: 2 month (Terminated) 2 3,Prime corporate paper rate: 3 month (Terminated) 2 3,Bankers' acceptances: 1 month (Terminated) 3 4,Bankers' acceptances: 2 month (Terminated) 3 4,Bankers' acceptances: 3 month (Terminated) 3 4,"Overnight money market financing, 7 day average 5",Selected Government of Canada benchmark bond yields: 2 year,Selected Government of Canada benchmark bond yields: 3 year,Selected Government of Canada benchmark bond yields: 5 year,Selected Government of Canada benchmark bond yields: 7 year,Selected Government of Canada benchmark bond yields: 10 year,Selected Government of Canada benchmark bond yields: long term,"Government of Canada marketable bonds, average yield: 1-3 year 6","Government of Canada marketable bonds, average yield: 3-5 year 6","Government of Canada marketable bonds, average yield: 5-10 year 6","Government of Canada marketable bonds, average yield: over 10 years 6",Chartered banks - 90 day term deposits 1,Chartered bank - conventional mortgage: 1 year 1,Chartered bank - conventional mortgage: 3 year 1,Chartered bank - conventional mortgage: 5 year,Chartered bank - 5 year personal fixed term 1,"Chartered bank - daily interest savings (balance over $100,000) 1",Chartered bank - non-chequable savings deposit 1,Chartered bank - Guaranteed Investment Certificates: 1 year 1,Chartered bank - Guaranteed Investment Certificates: 3 year 1,Chartered bank - Guaranteed Investment Certificates: 5 year 1,Treasury Bills: 1 month,Treasury Bills: 2 month,Treasury Bills: 3 month,Treasury Bills: 6 month,Treasury Bills: 1 year,"Real return bonds, long-term",Contractual interest rate for new insured 5-year fixed rate mortgages,Benchmark qualifying mortgage rate 1
3-Jan-18,,1.25,3.2,9,..t,..t,1.39t,1.42t,1.49t,1.41t,1.45t,1.51t,0.9977,1.68,1.72,1.86,1.95,2.05,2.29,1.66,1.81,1.98,2.24,0.1,3.24,3.74,4.99,1.05,0.05,0.05,0.72,1.35,1.6,0.95,1.01,1.06,1.21,1.52,0.58,..,..
10-Jan-18,,1.25,3.2,9,..t,..t,1.46t,1.51t,1.56t,1.49t,1.53t,1.59t,0.9944,1.73,1.79,1.95,2.04,2.16,2.38,1.71,1.88,2.07,2.33,0.1,3.24,3.74,4.99,1.05,0.05,0.05,0.72,1.35,1.6,0.94,1.04,1.17,1.38,1.62,0.63,..,..
17-Jan-18,,1.5,3.2,9,..t,..t,1.47t,1.52t,1.57t,1.52t,1.57t,1.62t,1.0327,1.78,1.83,2,2.1,2.2,2.34,1.73,1.94,2.12,2.31,0.1,3.34,4.15,5.14,1.05,0.05,0.05,0.72,1.35,1.6,1,1.13,1.18,1.35,1.6,0.59,..,..
24-Jan-18,,1.5,3.45,9,..t,..t,1.47t,1.52t,1.57t,1.50t,1.54t,1.60t,1.2398,1.81,1.87,2.05,2.15,2.26,2.37,1.77,1.98,2.18,2.35,0.1,3.34,4.15,5.14,1.05,0.05,0.05,0.72,1.35,1.6,1.11,1.13,1.21,1.36,1.62,0.6,..,..
31-Jan-18,,1.5,3.45,9,..t,..t,1.47t,1.53t,1.57t,1.52t,1.56t,1.62t,1.2461,1.84,1.96,2.08,2.19,2.29,2.36,1.79,2.01,2.21,2.35,0.1,3.34,4.15,5.14,1.05,0.05,0.05,0.72,1.35,1.6,1.12,1.15,1.2,1.34,1.61,0.6,..,..
7-Feb-18,,1.5,3.45,9,..t,..t,1.46t,1.51t,1.56t,1.48t,1.56t,1.61t,1.2436,1.85,1.99,2.13,2.25,2.38,2.47,1.81,2.05,2.28,2.46,0.1,3.34,4.15,5.14,1.05,0.05,0.05,0.72,1.35,1.6,1.13,1.17,1.2,1.36,1.62,0.72,..,..
14-Feb-18,,1.5,3.45,9,..t,..t,1.45t,1.50t,1.54t,1.49t,1.56t,1.61t,1.2401,1.82,1.95,2.1,2.23,2.37,2.5,1.78,2.02,2.26,2.49,0.1,3.34,4.15,5.14,1.05,0.05,0.05,0.73,1.35,1.6,1.12,1.15,1.15,1.32,1.59,0.74,..,..
21-Feb-18,,1.5,3.45,9,..t,..t,1.47t,1.50t,1.54t,1.50t,1.56t,1.62t,1.2393,1.84,1.95,2.14,2.21,2.34,2.48,1.79,2.02,2.24,2.46,0.1,3.34,4.15,5.14,1.05,0.05,0.05,0.73,1.35,1.6,1.12,1.14,1.16,1.32,1.6,0.71,..,..
28-Feb-18,,1.5,3.45,9,..t,..t,1.47t,1.50t,1.54t,1.51t,1.58t,1.64t,1.2367,1.78,1.89,2.04,2.11,2.23,2.37,1.74,1.94,2.14,2.35,0.1,3.34,4.15,5.14,1.05,0.05,0.05,0.73,1.35,1.6,1.12,1.14,1.14,1.28,1.6,0.59,..,..
7-Mar-18,,1.5,3.45,9,..t,..t,1.50t,1.53t,1.60t,1.54t,1.59t,1.65t,1.2416,1.77,1.88,2.04,2.11,2.23,2.41,1.75,1.98,2.16,2.37,0.1,3.34,4.15,5.14,1.05,0.05,0.05,0.73,1.35,1.6,1.1,1.08,1.11,1.28,1.56,0.66,..,..
14-Mar-18,,1.5,3.45,9,..t,..t,1.50t,1.53t,1.60t,1.55t,1.59t,1.67t,1.2396,1.77,1.88,1.99,2.05,2.16,2.32,1.76,1.95,2.09,2.29,0.1,3.34,4.15,5.14,1.05,0.05,0.05,0.73,1.35,1.6,1.07,1.08,1.07,1.27,1.58,0.59,..,..
21-Mar-18,,1.5,3.45,9,..t,..t,1.52t,1.54t,1.61t,1.55t,1.60t,1.67t,1.2321,1.86,1.98,2.1,2.17,2.26,2.37,1.85,2.06,2.2,2.35,0.1,3.34,4.15,5.14,1.05,0.05,0.05,0.73,1.35,1.6,1.07,1.08,1.11,1.29,1.64,0.64,..,..
28-Mar-18,,1.5,3.45,9,..t,..t,1.52t,1.54t,1.61t,1.57t,1.61t,1.68t,1.2457,1.8,1.92,2,2.05,2.11,2.25,1.79,1.97,2.07,2.22,0.1,3.34,4.15,5.14,1.05,0.05,0.05,0.73,1.35,1.6,1.09,1.08,1.09,1.3,1.62,0.55,..,..
4-Apr-18,,1.5,3.45,9,..t,..t,1.52t,1.54t,1.61t,1.58t,1.62t,1.68t,1.2479,1.81,1.94,2.03,2.09,2.17,2.33,1.81,2,2.11,2.29,0.1,3.34,4.15,5.14,1.05,0.05,0.05,0.73,1.35,1.6,1.08,1.08,1.12,1.34,1.63,0.64,..,..
11-Apr-18,,1.5,3.45,9,..t,..t,1.54t,1.56t,1.64t,1.57t,1.62t,1.68t,1.2422,1.85,1.98,2.06,2.13,2.2,2.32,1.84,2.03,2.15,2.3,0.1,3.34,4.15,5.14,1.05,0.05,0.05,0.73,1.35,1.6,1.1,1.13,1.14,1.33,1.63,0.61,..,..
18-Apr-18,,1.5,3.45,9,..t,..t,1.55t,1.56t,1.65t,1.58t,1.61t,1.69t,1.2443,1.88,2.01,2.13,2.2,2.28,2.38,1.88,2.09,2.23,2.36,0.1,3.34,4.15,5.14,1.05,0.05,0.05,0.73,1.35,1.6,1.18,1.17,1.2,1.37,1.65,0.64,..,..
25-Apr-18,,1.5,3.45,9,..t,..t,1.55t,1.56t,1.65t,1.57t,1.62t,1.69t,1.2461,1.93,2.03,2.18,2.26,2.37,2.47,1.88,2.12,2.3,2.45,0.1,3.34,4.15,5.14,1.05,0.05,0.05,0.73,1.35,1.6,1.17,1.17,1.2,1.33,1.62,0.72,..,..
2-May-18,,1.5,3.45,9,..t,..t,1.55t,1.56t,1.65t,1.58t,1.62t,1.69t,1.2481,1.94,2.03,2.17,2.25,2.36,2.44,1.9,2.12,2.29,2.42,0.1,3.49,4.3,5.14,1.05,0.05,0.05,0.73,1.1,1.6,1.17,1.18,1.22,1.4,1.7,0.64,..,..
9-May-18,,1.5,3.45,9,..t,..t,1.55t,1.56t,1.65t,1.58t,1.62t,1.69t,1.2466,1.95,2.05,2.2,2.28,2.39,2.44,1.91,2.14,2.31,2.43,0.1,3.49,4.3,5.34,1.05,0.05,0.05,0.73,1.1,1.6,1.15,1.17,1.21,1.37,1.71,0.62,..,..
16-May-18,,1.5,3.45,9,..t,..t,1.55t,1.56t,1.65t,1.58t,1.62t,1.69t,1.2457,2.05,2.16,2.32,2.4,2.5,2.51,2.01,2.26,2.43,2.52,0.1,3.49,4.3,5.34,1.05,0.05,0.05,0.73,1.1,1.6,1.13,1.15,1.25,1.44,1.76,0.69,..,..
23-May-18,,1.5,3.45,9,..t,..t,1.58t,1.56t,1.65t,1.60t,1.63t,1.69t,1.2453,2.02,2.13,2.27,2.35,2.45,2.45,1.98,2.21,2.37,2.47,0.1,3.49,4.3,5.34,1.05,0.05,0.05,0.73,1.1,1.6,1.13,1.19,1.26,1.43,1.72,0.65,..,..
30-May-18,,1.5,3.45,9,..t,..t,1.55t,1.56t,1.65t,1.59t,1.63t,1.69t,1.2434,1.92,2.01,2.11,2.18,2.25,2.28,1.88,2.07,2.19,2.28,0.1,3.49,4.3,5.34,1.05,0.05,0.05,0.73,1.1,1.6,1.14,1.2,1.29,1.46,1.72,0.54,..,..
6-Jun-18,,1.5,3.45,9,..t,..t,1.55t,1.56t,1.65t,1.58t,1.63t,1.70t,1.2514,1.94,2.02,2.16,2.21,2.3,2.35,1.93,2.12,2.26,2.35,0.1,3.49,4.3,5.34,1.05,0.05,0.05,0.73,1.1,1.6,1.11,1.2,1.25,1.43,1.71,0.61,..,..
13-Jun-18,,1.5,3.45,9,..t,..t,1.55t,1.56t,1.65t,1.58t,1.62t,1.70t,1.2436,1.94,2.03,2.17,2.23,2.32,2.33,1.93,2.13,2.28,2.34,0.1,3.49,4.3,5.34,1.05,0.05,0.05,0.73,1.1,1.6,1.07,1.2,1.26,1.45,1.7,0.57,..,..
20-Jun-18,,1.5,3.45,9,..t,..t,1.55t,1.56t,1.65t,1.57t,1.62t,1.70t,1.2492,1.85,1.92,2.03,2.09,2.18,2.22,1.84,2,2.13,2.23,0.05,3.49,4.3,5.34,1.05,0.05,0.05,0.73,1.1,1.6,0.96,1.13,1.19,1.42,1.67,0.48,..,..
27-Jun-18,,1.5,3.45,9,..t,..t,1.55t,1.56t,1.65t,1.56t,1.60t,1.69t,1.2464,1.77,1.84,1.93,1.98,2.06,2.16,1.77,1.9,2.02,2.15,0.05,3.49,4.3,5.34,1.05,0.05,0.05,0.73,1.1,1.6,1.04,1.13,1.25,1.46,1.64,0.43,..,..
4-Jul-18,,1.5,3.45,9,..t,..t,1.60t,1.63t,1.70t,1.66t,1.68t,1.76t,1.249,1.91,1.97,2.06,2.11,2.16,2.2,1.9,2.04,2.13,2.2,0.05,3.49,4.3,5.34,1.25,0.05,0.05,0.73,1.1,1.6,0.99,1.17,1.26,1.49,1.71,0.47,..,..
11-Jul-18,,1.75,3.7,9,..t,..t,1.72t,1.77t,1.81t,1.77t,1.81t,1.86t,1.2826,1.95,2,2.07,2.11,2.14,2.19,1.94,2.05,2.12,2.19,0.05,3.49,4.3,5.34,1.25,0.05,0.05,0.73,1.1,1.6,1.27,1.35,1.45,1.55,1.78,0.47,..,..
18-Jul-18,,1.75,3.7,9,..t,..t,1.72t,1.77t,1.81t,1.76t,1.81t,1.87t,1.4922,1.93,1.98,2.05,2.09,2.14,2.2,1.92,2.03,2.12,2.2,0.05,3.49,4.3,5.34,1.25,0.05,0.05,0.73,1.1,1.6,1.29,1.32,1.39,1.53,1.78,0.51,..,..
25-Jul-18,,1.75,3.7,9,..t,..t,1.74t,1.78t,1.83t,1.77t,1.81t,1.88t,1.4948,2.05,2.09,2.19,2.23,2.28,2.3,2.02,2.16,2.25,2.31,0.05,3.49,4.3,5.34,1.25,0.05,0.05,0.73,1.1,1.6,1.33,1.34,1.4,1.57,1.85,0.61,..,..
1-Aug-18,,1.75,3.7,9,..t,..t,1.74t,1.78t,1.83t,1.78t,1.81t,1.88t,1.5034,2.08,2.12,2.25,2.3,2.36,2.37,2.05,2.22,2.33,2.39,0.05,3.49,4.3,5.34,1.25,0.05,0.05,0.73,1.1,1.6,1.33,1.37,1.45,1.58,1.9,0.64,..,..
8-Aug-18,,1.75,3.7,9,..t,..t,1.73t,1.78t,1.83t,1.75t,1.80t,1.89t,1.4957,2.13,2.16,2.26,2.31,2.36,2.37,2.1,2.23,2.34,2.38,0.05,3.49,4.3,5.34,1.25,0.05,0.05,0.73,1.1,1.6,1.33,1.38,1.46,1.64,1.95,0.65,..,..
15-Aug-18,,1.75,3.7,9,..t,..t,1.73t,1.78t,1.83t,1.76t,1.80t,1.89t,1.4982,2.09,2.11,2.19,2.23,2.27,2.28,2.06,2.16,2.24,2.29,0.05,3.49,4.3,5.34,1.25,0.05,0.05,0.73,1.1,1.6,1.32,1.38,1.48,1.64,1.92,0.57,..,..
22-Aug-18,,1.75,3.7,9,..t,..t,1.76t,1.80t,1.86t,1.78t,1.82t,1.91t,1.4974,2.11,2.13,2.18,2.21,2.25,2.26,2.08,2.16,2.23,2.27,0.05,3.49,4.3,5.34,1.25,0.05,0.05,1.2,1.1,1.6,1.29,1.39,1.51,1.71,1.97,0.54,..,..
29-Aug-18,,1.75,3.7,9,..t,..t,1.76t,1.81t,1.86t,1.77t,1.82t,1.92t,1.4961,2.14,2.16,2.25,2.26,2.32,2.32,2.11,2.2,2.29,2.33,0.05,3.49,4.3,5.34,1.25,0.05,0.05,1.08,1.33,1.48,1.38,1.48,1.54,1.73,1.97,0.6,..,..
5-Sep-18,,1.75,3.7,9.13,..t,..t,1.76t,1.81t,1.86t,1.76t,1.82t,1.92t,1.4938,2.05,2.07,2.16,2.17,2.24,2.26,2.03,2.13,2.21,2.27,0.05,3.49,4.3,5.34,1.25,0.05,0.05,1.08,1.33,1.48,1.38,1.45,1.49,1.71,1.94,0.56,..,..
12-Sep-18,,1.75,3.7,9.13,..t,..t,1.76t,1.81t,1.88t,1.76t,1.82t,1.92t,1.4966,2.14,2.16,2.25,2.27,2.33,2.35,2.13,2.23,2.31,2.35,0.05,3.49,4.3,5.34,1.28,0.05,0.05,1.08,1.33,1.48,1.34,1.48,1.52,1.69,1.96,0.63,..,..
19-Sep-18,,1.75,3.7,9.13,..t,..t,1.76t,1.81t,1.88t,1.76t,1.82t,1.92t,1.4968,2.17,2.19,2.3,2.33,2.42,2.43,2.16,2.27,2.39,2.43,0.05,3.49,4.3,5.34,1.28,0.05,0.05,1.08,1.33,1.48,1.32,1.45,1.55,1.74,2,0.68,..,..
26-Sep-18,,1.75,3.7,9.13,..t,..t,1.76t,1.81t,1.88t,1.75t,1.83t,1.93t,1.4979,2.19,2.22,2.32,2.35,2.42,2.42,2.18,2.29,2.39,2.43,0.05,3.49,4.3,5.34,1.28,0.05,0.05,1.08,1.4,1.6,1.4,1.5,1.51,1.74,2.04,0.66,..,..
3-Oct-18,,1.75,3.7,9.13,..t,..t,1.76t,1.84t,1.94t,1.79t,1.87t,1.98t,1.4963,2.3,2.32,2.43,2.46,2.53,2.51,2.28,2.4,2.5,2.53,0.05,3.49,4.3,5.34,1.28,0.05,0.05,1.08,1.4,1.6,1.43,1.52,1.62,1.82,2.11,0.76,..,..
10-Oct-18,,1.75,3.7,9.13,..t,..t,1.80t,1.87t,1.97t,1.85t,1.92t,2.03t,1.4984,2.29,2.32,2.43,2.46,2.55,2.55,2.27,2.4,2.52,2.57,0.05,3.49,4.29,5.34,1.28,0.05,0.05,1.08,1.4,1.6,1.45,1.55,1.59,1.81,2.09,0.8,..,..
17-Oct-18,,1.75,3.7,9.13,..t,..t,1.86t,1.92t,2.02t,1.89t,1.97t,2.07t,1.4978,2.31,2.32,2.41,2.44,2.51,2.53,2.26,2.39,2.48,2.53,0.05,3.64,4.29,5.34,1.28,0.05,0.05,1.08,1.45,1.6,1.47,1.55,1.64,1.87,2.1,0.79,..,..
24-Oct-18,,2,3.7,9.13,..t,..t,1.95t,2.00t,2.09t,1.99t,2.03t,2.12t,1.5338,2.3,2.3,2.38,2.4,2.43,2.47,2.26,2.36,2.42,2.47,0.05,3.64,4.29,5.34,1.28,0.05,0.05,1.08,1.45,1.6,1.59,1.68,1.72,1.87,2.12,0.77,..,..
31-Oct-18,,2,3.95,9.13,..t,..t,1.98t,2.04t,2.10t,2.02t,2.06t,2.14t,1.7476,2.33,2.34,2.42,2.45,2.49,2.52,2.29,2.41,2.47,2.52,0.05,3.64,4.29,5.34,1.28,0.05,0.05,1.08,1.45,1.6,1.6,1.68,1.73,1.88,2.14,0.81,..,..
7-Nov-18,,2,3.95,9.13,..t,..t,2.00t,2.06t,2.11t,2.03t,2.07t,2.15t,1.7461,2.35,2.36,2.44,2.47,2.52,2.55,2.32,2.43,2.5,2.55,0.05,3.64,4.29,5.34,1.45,0.05,0.05,1.08,1.45,1.6,1.61,1.63,1.71,1.88,2.15,0.83,..,..
14-Nov-18,,2,3.95,9.13,..t,..t,2.00t,2.06t,2.11t,2.05t,2.08t,2.16t,1.7473,2.27,2.28,2.36,2.38,2.42,2.46,2.24,2.34,2.4,2.46,0.05,3.64,4.29,5.34,1.45,0.05,0.05,1.08,1.5,2.2,1.57,1.63,1.72,1.93,2.15,0.76,..,..
21-Nov-18,,2,3.95,9.13,..t,..t,2.03t,2.07t,2.15t,2.07t,2.11t,2.17t,1.7462,2.23,2.24,2.29,2.31,2.35,2.41,2.2,2.28,2.33,2.41,0.05,3.64,4.29,5.34,1.45,0.05,0.05,1.08,1.5,2.2,1.51,1.62,1.7,1.89,2.1,0.75,..,..
28-Nov-18,,2,3.95,9.13,..t,..t,2.05t,2.09t,2.16t,2.08t,2.12t,2.19t,1.7473,2.21,2.22,2.27,2.28,2.33,2.41,2.19,2.26,2.3,2.39,0.05,3.64,4.29,5.34,1.45,0.05,0.05,1.3,1.5,2.2,1.64,1.63,1.72,1.91,2.1,0.84,..,..
5-Dec-18,,2,3.95,9.13,..t,..t,2.09t,2.11t,2.18t,2.12t,2.14t,2.20t,1.7486,2.05,2.06,2.07,2.08,2.12,2.24,2.03,2.07,2.1,2.22,0.05,3.64,4.29,5.34,1.45,0.05,0.05,1.3,1.5,2.2,1.59,1.63,1.68,1.84,1.98,0.71,..,..
12-Dec-18,,2,3.95,9.13,..t,..t,2.13t,2.15t,2.19t,2.16t,2.17t,2.22t,1.7482,2.06,2.06,2.06,2.08,2.12,2.27,2.04,2.07,2.09,2.24,0.05,3.64,4.29,5.34,1.45,0.05,0.05,1.3,1.5,2.2,1.58,1.62,1.65,1.83,1.99,0.8,..,..
19-Dec-18,,2,3.95,9.13,..t,..t,2.19t,2.19t,2.20t,2.21t,2.22t,2.23t,1.7503,1.89,1.9,1.9,1.92,1.97,2.13,1.88,1.91,1.95,2.1,0.05,3.64,4.29,5.34,1.45,0.05,0.05,1.3,1.5,2.2,1.62,1.63,1.64,1.78,1.89,0.71,..,..
26-Dec-18,,2,3.95,9.13,..t,..t,2.19t,2.18t,2.20t,2.22t,2.22t,2.24t,1.7516,1.91,1.92,1.93,1.94,1.98,2.15,1.9,1.93,1.96,2.12,0.05,3.64,4.29,5.34,1.45,0.05,0.05,1.3,1.5,2.2,1.63,1.64,1.67,1.8,1.92,0.75,..,..
2-Jan-19,,2,3.95,9.13,..t,..t,..t,..t,..t,..t,..t,..t,1.7543,1.86,1.86,1.85,1.87,1.92,2.13,1.85,1.86,1.89,2.08,0.05,3.64,4.29,5.34,1.45,0.05,0.05,1.3,1.5,2.2,1.63,1.64,1.65,1.77,1.87,0.73,..,..
9-Jan-19,,2,3.95,9.13,..t,..t,..t,..t,..t,..t,..t,..t,1.7501,1.91,1.9,1.91,1.92,1.98,2.18,1.89,1.91,1.95,2.14,0.05,3.64,4.29,5.34,1.45,0.05,0.05,1.3,1.5,2.2,1.6,1.61,1.63,1.77,1.88,0.74,..,..
16-Jan-19,,2,3.95,9.13,..t,..t,..t,..t,..t,..t,..t,..t,1.7479,1.92,1.91,1.93,1.95,1.99,2.22,1.9,1.93,1.96,2.17,0.05,3.64,4.29,5.34,1.45,0.05,0.05,1.3,1.5,2.2,1.6,1.59,1.6,1.73,1.89,0.79,..,..
23-Jan-19,,2,3.95,9.13,..t,..t,..t,..t,..t,..t,..t,..t,1.7476,1.9,1.89,1.9,1.92,1.97,2.19,1.88,1.9,1.94,2.15,0.05,3.64,4.29,5.34,1.45,0.05,0.05,1.3,1.5,2.2,1.62,1.61,1.63,1.75,1.89,0.76,..,..
30-Jan-19,,2,3.95,9.13,..t,..t,..t,..t,..t,..t,..t,..t,1.7462,1.82,1.82,1.83,1.86,1.92,2.17,1.81,1.82,1.88,2.11,0.05,3.64,4.29,5.34,1.45,0.05,0.05,1.3,1.5,2.2,1.68,1.62,1.66,1.73,1.83,0.72,..,..
6-Feb-19,,2,3.95,9.13,..t,..t,..t,..t,..t,..t,..t,..t,1.7474,1.81,1.82,1.83,1.86,1.92,2.17,1.8,1.83,1.88,2.11,0.05,3.64,4.29,5.34,1.45,0.05,0.05,1.3,1.5,2.2,1.63,1.64,1.65,1.75,1.83,0.71,..,..
13-Feb-19,,2,3.95,9.13,..t,..t,..t,..t,..t,..t,..t,..t,1.7476,1.81,1.83,1.84,1.87,1.93,2.18,1.81,1.83,1.89,2.12,0.05,3.64,4.29,5.34,1.45,0.05,0.05,1.3,1.5,2.2,1.64,1.65,1.67,1.75,1.83,0.72,..,..
20-Feb-19,,2,3.95,9.13,..t,..t,..t,..t,..t,..t,..t,..t,1.7483,1.77,1.78,1.8,1.83,1.89,2.14,1.77,1.79,1.85,2.08,0.05,3.64,4.29,5.34,1.45,0.05,0.05,1.3,1.5,2.2,1.63,1.66,1.67,1.74,1.81,0.69,..,..
27-Feb-19,,2,3.95,9.13,..t,..t,..t,..t,..t,..t,..t,..t,1.7455,1.77,1.78,1.8,1.84,1.91,2.16,1.78,1.79,1.86,2.1,0.05,3.64,4.29,5.34,1.45,0.05,0.05,1.3,1.5,2.2,1.64,1.66,1.67,1.73,1.77,0.69,..,..
6-Mar-19,,2,3.95,9.13,..t,..t,..t,..t,..t,..t,..t,..t,1.7475,1.68,1.68,1.69,1.73,1.82,2.11,1.68,1.68,1.76,2.03,0.05,3.64,4.29,5.34,1.45,0.05,0.05,1.3,1.5,2.2,1.62,1.66,1.66,1.71,1.72,0.64,..,..
13-Mar-19,,2,3.95,9.13,..t,..t,..t,..t,..t,..t,..t,..t,1.7468,1.67,1.67,1.65,1.69,1.76,2.04,1.67,1.66,1.71,1.96,0.05,3.64,4.29,5.34,1.45,0.05,0.05,1.3,1.5,2.2,1.64,1.66,1.65,1.66,1.68,0.57,..,..
20-Mar-19,,2,3.95,9.13,..t,..t,..t,..t,..t,..t,..t,..t,1.7467,1.6,1.61,1.55,1.59,1.67,1.99,1.61,1.58,1.62,1.9,0.05,3.64,4.29,5.34,1.45,0.05,0.05,1.3,1.5,2.2,1.65,1.66,1.67,1.67,1.67,0.49,..,..
27-Mar-19,,2,3.95,9.13,..t,..t,..t,..t,..t,..t,..t,..t,1.7461,1.46,1.45,1.43,1.46,1.54,1.84,1.47,1.44,1.49,1.76,0.05,3.64,4.29,5.34,1.45,0.05,0.05,1.3,1.5,2.2,1.66,1.66,1.66,1.66,1.62,0.4,..,..
3-Apr-19,,2,3.95,9.13,..t,..t,..t,..t,..t,..t,..t,..t,1.7462,1.59,1.58,1.57,1.61,1.7,1.99,1.6,1.58,1.65,1.91,0.05,3.64,4.29,5.34,1.45,0.05,0.05,1.3,1.5,2.2,1.67,1.67,1.67,1.69,1.71,0.53,..,..
10-Apr-19,,2,3.95,9.13,..t,..t,..t,..t,..t,..t,..t,..t,1.7472,1.58,1.57,1.56,1.6,1.68,1.98,1.6,1.57,1.63,1.9,0.05,3.64,4.29,5.34,1.45,0.05,0.05,1.35,1.55,2.2,1.7,1.68,1.67,1.67,1.72,0.53,..,..
17-Apr-19,,2,3.95,9.13,..t,..t,..t,..t,..t,..t,..t,..t,1.7474,1.66,1.66,1.66,1.71,1.8,2.09,1.69,1.66,1.74,2.01,0.05,3.64,4.29,5.34,1.45,0.05,0.05,1.35,1.55,2.2,1.71,1.68,1.68,1.72,1.75,0.61,..,..
24-Apr-19,,2,3.95,9.13,..t,..t,..t,..t,..t,..t,..t,..t,1.7459,1.51,1.51,1.49,1.55,1.67,1.99,1.55,1.5,1.59,1.9,0.05,3.64,4.29,5.34,1.45,0.05,0.05,1.35,1.55,2.2,1.7,1.69,1.68,1.69,1.67,0.51,..,..
1-May-19,,2,3.95,9.13,..t,..t,..t,..t,..t,..t,..t,..t,1.7474,1.57,1.56,1.55,1.6,1.7,1.96,1.61,1.56,1.63,1.89,0.05,3.64,4.29,5.34,1.45,0.05,0.05,1.35,1.55,2.2,1.7,1.69,1.68,1.71,1.71,0.49,..,..
8-May-19,,2,3.95,9.13,..t,..t,..t,..t,..t,..t,..t,..t,1.7463,1.59,1.58,1.57,1.61,1.7,1.95,1.62,1.57,1.64,1.88,0.05,3.64,4.29,5.34,1.45,0.05,0.05,1.35,1.55,2.2,1.67,1.67,1.67,1.71,1.72,0.51,..,..
15-May-19,,2,3.95,9.13,..t,..t,..t,..t,..t,..t,..t,..t,1.7435,1.58,1.56,1.54,1.58,1.66,1.9,1.61,1.55,1.6,1.83,0.05,3.64,4.29,5.34,1.45,0.05,0.05,1.35,1.55,2.2,1.68,1.67,1.67,1.72,1.73,0.47,..,..
22-May-19,,2,3.95,9.13,..t,..t,..t,..t,..t,..t,..t,..t,1.7462,1.66,1.65,1.62,1.65,1.72,1.96,1.69,1.63,1.66,1.89,0.05,3.64,4.29,5.34,1.45,0.05,0.05,1.35,1.55,2.2,1.65,1.64,1.68,1.73,1.75,0.58,..,..
29-May-19,,2,3.95,9.13,..t,..t,..t,..t,..t,..t,..t,..t,1.745,1.53,1.5,1.46,1.49,1.57,1.82,1.57,1.48,1.51,1.75,0.05,3.64,4.29,5.34,1.45,0.05,0.05,1.35,1.55,2.2,1.66,1.68,1.69,1.71,1.7,0.44,..,..
5-Jun-19,,2,3.95,10,..t,..t,..t,..t,..t,..t,..t,..t,1.7467,1.34,1.31,1.3,1.33,1.44,1.74,1.38,1.31,1.39,1.7,0.05,3.64,4.29,5.34,1.45,0.05,0.05,1.35,1.55,2.2,1.63,1.67,1.67,1.65,1.61,0.36,..,..
12-Jun-19,,2,3.95,10,..t,..t,..t,..t,..t,..t,..t,..t,1.7416,1.44,1.42,1.39,1.41,1.5,1.75,1.49,1.4,1.46,1.72,0.05,3.64,4.29,5.34,1.45,0.05,0.05,1.35,1.55,2.2,1.65,1.66,1.67,1.7,1.69,0.38,..,..
19-Jun-19,,2,3.95,10,..t,..t,..t,..t,..t,..t,..t,..t,1.7443,1.4,1.36,1.33,1.35,1.44,1.68,1.45,1.34,1.4,1.65,0.05,3.64,4.29,5.34,1.45,0.05,0.05,1.35,1.8,1.9,1.65,1.66,1.66,1.68,1.67,0.32,..,..
26-Jun-19,,2,3.95,10,..t,..t,..t,..t,..t,..t,..t,..t,1.7429,1.46,1.42,1.4,1.42,1.5,1.73,1.51,1.41,1.47,1.7,0.05,3.64,4.29,5.34,1.45,0.05,0.05,1.35,1.8,1.9,1.64,1.65,1.66,1.68,1.68,0.36,..,..
3-Jul-19,,2,3.95,10,..t,..t,..t,..t,..t,..t,..t,..t,1.7388,1.49,1.44,1.41,1.41,1.45,1.65,1.54,1.42,1.44,1.63,0.05,3.64,4.29,5.34,1.45,0.05,0.05,1.35,1.8,1.9,1.62,1.65,1.66,1.69,1.68,0.34,..,..
10-Jul-19,,2,3.95,10,..t,..t,..t,..t,..t,..t,..t,..t,1.7462,1.58,1.54,1.53,1.54,1.58,1.75,1.6,1.54,1.56,1.73,0.05,3.64,4.29,5.34,1.45,0.05,0.05,1.35,1.8,1.9,1.65,1.65,1.66,1.71,1.71,0.42,..,..
17-Jul-19,,2,3.95,10,..t,..t,..t,..t,..t,..t,..t,..t,1.7454,1.52,1.48,1.45,1.46,1.53,1.74,1.56,1.47,1.5,1.71,0.05,3.64,4.29,5.19,1.45,0.05,0.05,1.35,1.8,1.9,1.65,1.65,1.65,1.7,1.71,0.38,..,..
24-Jul-19,,2,3.95,10,..t,..t,..t,..t,..t,..t,..t,..t,1.7475,1.43,1.41,1.36,1.37,1.45,1.7,1.5,1.39,1.42,1.66,0.05,3.64,4.29,5.19,1.45,0.05,0.05,1.35,1.8,1.9,1.65,1.65,1.65,1.68,1.66,0.34,..,..
31-Jul-19,,2,3.95,10,..t,..t,..t,..t,..t,..t,..t,..t,1.7469,1.55,1.52,1.46,1.46,1.49,1.7,1.61,1.49,1.48,1.67,0.05,3.64,4.29,5.19,1.45,0.05,0.05,1.35,1.8,2,1.66,1.66,1.65,1.68,1.69,0.32,..,..
7-Aug-19,,2,3.95,10,..t,..t,..t,..t,..t,..t,..t,..t,1.7481,1.33,1.29,1.2,1.21,1.22,1.47,1.4,1.25,1.22,1.44,0.05,3.64,4.29,5.19,1.45,0.05,0.05,1.35,1.8,2,1.65,1.65,1.64,1.64,1.56,0.2,..,..
14-Aug-19,,2,3.95,10,..t,..t,..t,..t,..t,..t,..t,..t,1.7484,1.35,1.3,1.19,1.19,1.15,1.33,1.42,1.26,1.17,1.33,0.05,3.64,4.29,5.19,1.45,0.05,0.05,1.35,1.8,2,1.64,1.64,1.64,1.63,1.55,0.11,..,..
21-Aug-19,,2,3.95,10,..t,..t,..t,..t,..t,..t,..t,..t,1.7474,1.4,1.35,1.27,1.26,1.21,1.45,1.46,1.32,1.24,1.42,0.05,3.64,4.29,5.19,1.45,0.05,0.05,1.35,1.8,2,1.72,1.64,1.64,1.63,1.58,0.23,..,..
28-Aug-19,,2,3.95,10,..t,..t,..t,..t,..t,..t,..t,..t,1.7481,1.33,1.27,1.17,1.16,1.13,1.37,1.39,1.23,1.14,1.34,0.05,3.64,3.94,5.19,1.45,0.05,0.05,1.35,1.8,2,1.72,1.61,1.62,1.62,1.52,0.15,..,..
4-Sep-19,,2,3.95,10,..t,..t,..t,..t,..t,..t,..t,..t,1.7467,1.33,1.26,1.15,1.14,1.13,1.4,1.35,1.19,1.13,1.37,0.05,3.64,3.94,5.19,1.45,0.05,0.05,1.35,1.8,2,1.61,1.62,1.62,1.63,1.54,0.2,..,..
11-Sep-19,,2,3.95,10,..t,..t,..t,..t,..t,..t,..t,..t,1.7475,1.58,1.52,1.43,1.43,1.42,1.63,1.59,1.47,1.42,1.61,0.05,3.64,3.94,5.19,1.45,0.05,0.05,1.35,1.8,2,1.64,1.63,1.62,1.66,1.7,0.39,..,..
18-Sep-19,,2,3.95,10,..t,..t,..t,..t,..t,..t,..t,..t,1.7478,1.6,1.54,1.46,1.45,1.43,1.59,1.61,1.48,1.44,1.58,0.05,3.64,3.94,5.19,1.45,0.05,0.05,1.35,1.8,2,1.63,1.63,1.63,1.67,1.71,0.33,..,..
25-Sep-19,,2,3.95,10,..t,..t,..t,..t,..t,..t,..t,..t,1.7454,1.58,1.52,1.42,1.41,1.39,1.57,1.59,1.46,1.4,1.54,0.05,3.64,3.94,5.19,1.45,0.05,0.05,1.35,1.8,2,1.64,1.65,1.64,1.65,1.7,0.3,..,..
2-Oct-19,,2,3.95,10,..t,..t,..t,..t,..t,..t,..t,..t,1.7471,1.49,1.43,1.34,1.32,1.32,1.49,1.5,1.37,1.32,1.47,0.05,3.64,3.94,5.19,1.45,0.05,0.05,1.35,1.8,2,1.63,1.65,1.63,1.67,1.69,0.26,..,..
9-Oct-19,,2,3.95,10,..t,..t,..t,..t,..t,..t,..t,..t,1.7489,1.47,1.41,1.32,1.31,1.31,1.51,1.49,1.35,1.31,1.48,0.05,3.64,3.94,5.19,1.45,0.05,0.05,1.35,1.8,2,1.65,1.64,1.63,1.65,1.65,0.3,..,..
16-Oct-19,,2,3.95,10,..t,..t,..t,..t,..t,..t,..t,..t,1.7482,1.67,1.62,1.56,1.55,1.55,1.67,1.67,1.58,1.56,1.66,0.05,3.64,3.94,5.19,1.45,0.05,0.05,1.35,1.8,2,1.67,1.64,1.7,1.69,1.73,0.44,..,..
23-Oct-19,,2,3.95,10,..t,..t,..t,..t,..t,..t,..t,..t,1.7479,1.62,1.6,1.53,1.52,1.52,1.62,1.65,1.55,1.53,1.61,0.05,3.64,3.94,5.19,1.45,0.05,0.05,1.35,1.8,2,1.68,1.69,1.65,1.68,1.72,0.4,..,..
30-Oct-19,,2,3.95,10,..t,..t,..t,..t,..t,..t,..t,..t,1.7472,1.56,1.54,1.46,1.45,1.45,1.6,1.59,1.48,1.46,1.6,0.05,3.64,3.94,5.19,1.45,0.05,0.05,1.35,1.8,2,1.69,1.7,1.66,1.71,1.73,0.38,..,..
6-Nov-19,,2,3.95,10,..t,..t,..t,..t,..t,..t,..t,..t,1.7482,1.59,1.57,1.53,1.53,1.54,1.68,1.61,1.55,1.54,1.67,0.05,3.64,3.94,5.19,1.45,0.05,0.05,1.35,1.8,2,1.68,1.67,1.67,1.69,1.7,0.41,..,..
13-Nov-19,,2,3.95,10,..t,..t,..t,..t,..t,..t,..t,..t,1.7489,1.57,1.57,1.54,1.54,1.55,1.69,1.59,1.55,1.55,1.68,0.05,3.64,3.94,5.19,1.45,0.05,0.05,1.35,1.8,2,1.7,1.69,1.66,1.69,1.69,0.4,..,..
20-Nov-19,,2,3.95,9.49,..t,..t,..t,..t,..t,..t,..t,..t,1.7482,1.51,1.5,1.43,1.43,1.42,1.54,1.54,1.46,1.43,1.53,0.05,3.64,3.94,5.19,1.45,0.05,0.05,1.35,1.8,2,1.66,1.66,1.66,1.66,1.66,0.27,..,..
27-Nov-19,,2,3.95,9.49,..t,..t,..t,..t,..t,..t,..t,..t,1.7487,1.6,1.58,1.51,1.5,1.47,1.58,1.62,1.54,1.5,1.57,0.05,3.64,3.94,5.19,1.45,0.05,0.05,1.35,1.8,2,1.67,1.66,1.66,1.69,1.71,0.31,..,..
4-Dec-19,,2,3.95,9.49,..t,..t,..t,..t,..t,..t,..t,..t,1.7482,1.63,1.62,1.57,1.56,1.54,1.62,1.66,1.58,1.56,1.62,0.05,3.64,3.94,5.19,1.45,0.05,0.05,1.35,1.8,2,1.68,1.65,1.66,1.69,1.72,0.33,..,..
11-Dec-19,,2,3.95,9.49,..t,..t,..t,..t,..t,..t,..t,..t,1.7484,1.66,1.64,1.59,1.59,1.58,1.68,1.67,1.61,1.6,1.67,0.05,3.64,3.94,5.19,1.45,0.05,0.05,1.35,1.8,2,1.65,1.69,1.65,1.69,1.74,0.39,..,..
18-Dec-19,,2,3.95,9.49,..t,..t,..t,..t,..t,..t,..t,..t,1.7488,1.73,1.72,1.7,1.69,1.69,1.75,1.74,1.7,1.71,1.75,0.05,3.64,3.94,5.19,1.45,0.05,0.05,1.35,1.8,2,1.67,1.69,1.66,1.75,1.77,0.42,..,..
25-Dec-19,,2,3.95,9.49,..t,..t,..t,..t,..t,..t,..t,..t,1.7479,1.67,1.66,1.64,1.63,1.61,1.67,1.69,1.64,1.63,1.67,0.05,3.64,3.94,5.19,1.45,0.05,0.05,1.35,1.8,2,1.64,1.66,1.66,1.73,1.75,0.32,..,..
1-Jan-20,,2,3.95,9.49,..t,..t,..t,..t,..t,..t,..t,..t,1.748,1.69,1.69,1.68,1.68,1.7,1.76,1.71,1.68,1.71,1.76,0.05,3.64,3.94,5.19,1.45,0.05,0.05,1.35,1.8,2,1.65,1.66,1.66,1.72,1.74,0.41,..,..
8-Jan-20,,2,3.95,9.49,..t,..t,..t,..t,..t,..t,..t,..t,1.7488,1.66,1.65,1.62,1.61,1.62,1.74,1.68,1.63,1.63,1.72,0.05,3.64,3.94,5.19,1.45,0.05,0.05,1.35,1.8,2,1.62,1.65,1.65,1.68,1.72,0.37,..,..
15-Jan-20,,2,3.95,9.49,..t,..t,..t,..t,..t,..t,..t,..t,1.7484,1.63,1.62,1.54,1.54,1.53,1.65,1.66,1.57,1.54,1.64,0.05,3.64,3.94,5.19,1.45,0.05,0.05,1.35,1.8,2,1.63,1.64,1.64,1.68,1.71,0.26,..,..
22-Jan-20,,2,3.95,9.49,..t,..t,..t,..t,..t,..t,..t,..t,1.7477,1.54,1.52,1.46,1.45,1.45,1.58,1.57,1.48,1.46,1.55,0.05,3.64,3.94,5.19,1.45,0.05,0.05,1.35,1.8,2,1.63,1.64,1.64,1.66,1.67,0.19,..,..
29-Jan-20,,2,3.95,9.49,..t,..t,..t,..t,..t,..t,..t,..t,1.7487,1.47,1.44,1.34,1.32,1.31,1.45,1.51,1.38,1.33,1.42,0.05,3.64,3.94,5.19,1.45,0.05,0.05,1.35,1.8,2,1.66,1.63,1.64,1.64,1.62,0.15,..,..
5-Feb-20,,2,3.95,9.49,..t,..t,..t,..t,..t,..t,..t,..t,1.7484,1.5,1.48,1.41,1.39,1.39,1.51,1.54,1.43,1.4,1.48,0.05,3.64,3.94,5.19,1.45,0.05,0.05,1.35,1.8,2,1.65,1.63,1.64,1.65,1.64,0.19,..,..
12-Feb-20,,2,3.95,9.49,..t,..t,..t,..t,..t,..t,..t,..t,1.7487,1.51,1.46,1.39,1.39,1.39,1.51,1.54,1.44,1.4,1.48,0.05,3.64,3.94,5.19,1.45,0.05,0.05,1.35,1.8,2,1.75,1.64,1.64,1.65,1.64,0.17,..,..
19-Feb-20,,2,3.95,9.49,..t,..t,..t,..t,..t,..t,..t,..t,1.7493,1.48,1.44,1.36,1.36,1.35,1.46,1.52,1.41,1.37,1.44,0.05,3.64,3.94,5.19,1.45,0.05,0.05,1.35,1.8,2,1.68,1.64,1.64,1.64,1.63,0.13,..,..
26-Feb-20,,2,3.95,9.49,..t,..t,..t,..t,..t,..t,..t,..t,1.7485,1.32,1.28,1.21,1.21,1.21,1.35,1.37,1.25,1.22,1.32,0.05,3.64,3.94,5.19,1.25,0.05,0.05,1.35,1.8,2,1.62,1.62,1.61,1.59,1.51,0.08,..,..
4-Mar-20,,1.5,3.95,9.49,..t,..t,..t,..t,..t,..t,..t,..t,1.6776,0.92,0.9,0.88,0.91,0.97,1.27,0.95,0.89,0.95,1.2,0.05,3.64,3.94,5.19,1.28,0.05,0.05,1.45,1.35,2,1.14,1.15,1.14,1.11,1.04,0.05,..,..
11-Mar-20,,1.5,3.45,9.49,..t,..t,..t,..t,..t,..t,..t,..t,1.2493,0.5,0.51,0.55,0.57,0.64,1.02,0.53,0.54,0.62,0.93,0.05,3.39,3.94,5.19,1.25,0.05,0.05,1.25,1.35,1.5,0.86,0.75,0.64,0.58,0.55,0.13,..,..
18-Mar-20,,1,2.95,9.49,..t,..t,..t,..t,..t,..t,..t,..t,1.0331,0.69,0.79,0.93,0.99,1.06,1.47,0.73,0.89,1.02,1.37,0.05,3.29,3.94,5.04,0.88,0.05,0.05,0.75,0.85,0.95,0.3,0.36,0.42,0.4,0.37,0.84,..,..
25-Mar-20,,1,2.95,9.49,..t,..t,..t,..t,..t,..t,..t,..t,0.7406,0.62,0.7,0.78,0.81,0.88,1.36,0.66,0.75,0.84,1.25,0.05,3.29,3.94,5.04,0.88,0.05,0.05,1,1.15,1.5,0.59,0.57,0.49,0.45,0.44,0.57,..,..
1-Apr-20,,0.5,2.45,9.49,..t,..t,..t,..t,..t,..t,..t,..t,0.3447,0.4,0.48,0.55,0.57,0.63,1.21,0.44,0.53,0.59,1.08,0.05,3.29,3.94,5.04,1.25,0.05,0.05,1,1.15,1.48,0.16,0.16,0.2,0.31,0.35,0.37,..,..
8-Apr-20,,0.5,2.45,9.49,..t,..t,..t,..t,..t,..t,..t,..t,0.2479,0.43,0.5,0.65,0.66,0.81,1.35,0.45,0.59,0.69,1.19,0.05,3.29,3.94,5.04,1.25,0.05,0.05,1,1.15,1.48,0.19,0.17,0.22,0.38,0.48,0.38,..,..
15-Apr-20,,0.5,2.45,9.49,..t,..t,..t,..t,..t,..t,..t,..t,0.2383,0.33,0.38,0.44,0.47,0.64,1.32,0.34,0.42,0.49,1.12,0.05,3.29,3.94,5.04,1.25,0.05,0.05,1,1.15,1.48,0.2,0.19,0.3,0.33,0.42,0.34,..,..
22-Apr-20,,0.5,2.45,9.49,..t,..t,..t,..t,..t,..t,..t,..t,0.2226,0.33,0.35,0.45,0.46,0.61,1.23,0.34,0.42,0.5,1.05,0.05,3.29,4.05,5.04,1.25,0.05,0.05,0.75,1.15,1.5,0.18,0.18,0.25,0.29,0.36,0.38,..,..
29-Apr-20,,0.5,2.45,9.49,..t,..t,..t,..t,..t,..t,..t,..t,0.2341,0.32,0.3,0.41,0.42,0.56,1.15,0.3,0.38,0.46,0.99,0.05,3.29,4.05,5.04,1.25,0.05,0.05,0.75,1.15,1.5,0.21,0.2,0.26,0.3,0.32,0.23,..,..
6-May-20,,0.5,2.45,8.03,..t,..t,..t,..t,..t,..t,..t,..t,0.2304,0.3,0.29,0.43,0.44,0.61,1.16,0.3,0.38,0.5,1,0.05,3.29,4.05,5.04,1.25,0.05,0.05,0.75,1.15,1.5,0.2,0.2,0.22,0.22,0.35,0.25,..,..
13-May-20,,0.5,2.45,8.03,..t,..t,..t,..t,..t,..t,..t,..t,0.2208,0.28,0.26,0.37,0.39,0.55,1.12,0.26,0.33,0.44,0.93,0.05,3.29,3.94,5.04,1.25,0.05,0.05,0.75,1.15,1.5,0.2,0.2,0.27,0.28,0.3,0.22,..,..
20-May-20,,0.5,2.45,8.03,..t,..t,..t,..t,..t,..t,..t,..t,0.224,0.3,0.29,0.41,0.43,0.56,1.11,0.28,0.36,0.46,0.93,0.05,3.19,3.89,4.94,1.25,0.01,0.01,0.75,1.15,1.5,0.2,0.2,0.23,0.28,0.31,0.09,..,..
27-May-20,,0.5,2.45,8.03,..t,..t,..t,..t,..t,..t,..t,..t,0.2379,0.3,0.29,0.4,0.41,0.54,1.1,0.28,0.35,0.44,0.92,0.05,3.19,3.89,4.94,1.25,0.01,0.01,0.75,1.15,1.5,0.19,0.2,0.22,0.26,0.29,0.16,..,..
3-Jun-20,,0.5,2.45,8.03,..t,..t,..t,..t,..t,..t,..t,..t,0.2433,0.32,0.31,0.45,0.46,0.62,1.21,0.29,0.39,0.53,1.1,0.05,3.19,3.89,4.94,1.25,0.01,0.01,0.75,1.15,1.5,0.16,0.14,0.19,0.23,0.27,0.15,..,..
10-Jun-20,,0.5,2.45,8.03,..t,..t,..t,..t,..t,..t,..t,..t,0.2412,0.28,0.27,0.38,0.39,0.57,1.12,0.25,0.33,0.47,1.03,0.05,3.19,3.89,4.94,1.25,0.01,0.01,0.75,1.05,1.5,0.15,0.21,0.18,0.22,0.28,0.05,..,..
17-Jun-20,,0.5,2.45,8.03,..t,..t,..t,..t,..t,..t,..t,..t,0.2362,0.29,0.28,0.37,0.38,0.53,1.03,0.26,0.33,0.45,0.95,0.05,3.19,3.89,4.94,1.25,0.01,0.01,0.75,1.05,1.5,0.15,0.15,0.19,0.23,0.26,0,..,..
24-Jun-20,,0.5,2.45,8.03,..t,..t,..t,..t,..t,..t,..t,..t,0.2327,0.3,0.32,0.38,0.43,0.54,1.02,0.26,0.33,0.46,0.95,0.05,3.19,3.89,4.94,1.25,0.01,0.01,0.75,1,1.5,0.15,0.18,0.21,0.24,0.28,-0.07,..,..
1-Jul-20,,0.5,2.45,8.03,..t,..t,..t,..t,..t,..t,..t,..t,0.2414,0.28,0.3,0.36,0.41,0.52,0.99,0.25,0.32,0.44,0.91,0.05,3.19,3.89,4.94,0.88,0.01,0.01,0.55,0.85,1.13,0.16,0.17,0.2,0.23,0.28,-0.09,..,..
8-Jul-20,,0.5,2.45,8.03,..t,..t,..t,..t,..t,..t,..t,..t,0.2425,0.29,0.31,0.37,0.43,0.57,1.09,0.25,0.32,0.46,1,0.05,3.19,3.89,4.94,0.88,0.01,0.01,0.55,0.85,1.13,0.19,0.19,0.19,0.24,0.28,0.01,..,..
15-Jul-20,,0.5,2.45,8.03,..t,..t,..t,..t,..t,..t,..t,..t,0.2452,0.27,0.29,0.35,0.4,0.53,1.04,0.24,0.3,0.44,0.94,0.05,3.09,3.79,4.94,0.88,0.01,0.01,0.55,0.8,1.05,0.17,0.17,0.18,0.21,0.27,-0.05,..,..
22-Jul-20,,0.5,2.45,8.03,..t,..t,..t,..t,..t,..t,..t,..t,0.2447,0.27,0.28,0.35,0.38,0.51,1,0.23,0.29,0.41,0.89,0.05,3.09,3.79,4.94,0.88,0.01,0.01,0.55,0.75,1.05,0.17,0.17,0.17,0.19,0.24,-0.15,..,..
29-Jul-20,,0.5,2.45,8.03,..t,..t,..t,..t,..t,..t,..t,..t,0.2407,0.26,0.27,0.32,0.35,0.48,0.95,0.23,0.27,0.39,0.86,0.05,3.09,3.79,4.94,0.88,0.01,0.01,0.55,0.75,1.05,0.16,0.16,0.16,0.19,0.23,-0.21,..,..
5-Aug-20,,0.5,2.45,8.03,..t,..t,..t,..t,..t,..t,..t,..t,0.2429,0.27,0.26,0.34,0.37,0.5,0.94,0.23,0.28,0.4,0.84,0.05,3.09,3.89,4.94,0.88,0.01,0.01,0.55,0.75,1,0.16,0.16,0.17,0.18,0.22,-0.23,..,..
12-Aug-20,,0.5,2.45,8.03,..t,..t,..t,..t,..t,..t,..t,..t,0.2409,0.29,0.3,0.41,0.45,0.6,1.09,0.26,0.32,0.49,0.99,0.05,3.09,3.75,4.79,0.7,0.01,0.01,0.43,0.7,0.95,0.16,0.16,0.16,0.18,0.21,-0.17,..,..
19-Aug-20,,0.5,2.45,8.03,..t,..t,..t,..t,..t,..t,..t,..t,0.2386,0.29,0.29,0.39,0.43,0.58,1.09,0.26,0.31,0.47,0.99,0.05,3.09,3.75,4.79,0.7,0.01,0.01,0.43,0.7,0.95,0.16,0.16,0.16,0.17,0.21,-0.19,..,..
26-Aug-20,,0.5,2.45,8.03,..t,..t,..t,..t,..t,..t,..t,..t,0.2337,0.29,0.3,0.41,0.45,0.61,1.12,0.26,0.33,0.49,1.01,0.05,3.09,3.75,4.79,0.7,0.01,0.01,0.43,0.6,0.95,0.16,0.15,0.14,0.17,0.22,-0.19,..,..
2-Sep-20,,0.5,2.45,8.03,..t,..t,..t,..t,..t,..t,..t,..t,0.2365,0.26,0.27,0.35,0.4,0.55,1.06,0.24,0.31,0.47,0.95,0.05,3.09,3.59,4.79,0.7,0.01,0.01,0.43,0.6,0.95,0.14,0.15,0.15,0.18,0.22,-0.25,..,..
9-Sep-20,,0.5,2.45,8.03,..t,..t,..t,..t,..t,..t,..t,..t,0.2357,0.27,0.27,0.37,0.42,0.59,1.1,0.25,0.33,0.5,0.99,0.05,3.09,3.59,4.79,0.7,0.01,0.01,0.35,0.6,0.85,0.15,0.15,0.15,0.17,0.22,-0.2,..,..
16-Sep-20,,0.5,2.45,8.03,..t,..t,..t,..t,..t,..t,..t,..t,0.2302,0.26,0.27,0.36,0.4,0.57,1.11,0.24,0.32,0.48,0.99,0.05,3.09,3.59,4.79,0.7,0.01,0.01,0.35,0.6,0.85,0.14,0.14,0.15,0.18,0.22,-0.19,..,..
23-Sep-20,,0.5,2.45,8.03,..t,..t,..t,..t,..t,..t,..t,..t,0.228,0.26,0.26,0.35,0.39,0.55,1.08,0.23,0.31,0.47,0.97,0.05,3.09,3.59,4.79,0.7,0.01,0.01,0.35,0.6,0.85,0.15,0.14,0.14,0.18,0.22,-0.19,..,..
30-Sep-20,,0.5,2.45,8.03,..t,..t,..t,..t,..t,..t,..t,..t,0.2181,0.25,0.25,0.36,0.39,0.57,1.11,0.23,0.31,0.48,0.99,0.05,3.09,3.59,4.79,0.7,0.01,0.01,0.35,0.6,0.85,0.18,0.14,0.12,0.16,0.21,-0.21,..,..
7-Oct-20,,0.5,2.45,8.03,..t,..t,..t,..t,..t,..t,..t,..t,0.2342,0.24,0.27,0.38,0.42,0.63,1.2,0.23,0.33,0.53,1.05,0.05,3.09,3.59,4.79,0.7,0.01,0.01,0.35,0.6,0.85,0.13,0.12,0.11,0.13,0.16,-0.2,..,..
14-Oct-20,,0.5,2.45,8.03,..t,..t,..t,..t,..t,..t,..t,..t,0.2316,0.24,0.24,0.35,0.38,0.58,1.18,0.2,0.3,0.48,1.02,0.05,3.09,3.59,4.79,0.7,0.01,0.01,0.35,0.6,0.85,0.1,0.11,0.1,0.11,0.17,-0.23,..,..
21-Oct-20,,0.5,2.45,8.03,..t,..t,..t,..t,..t,..t,..t,..t,0.2306,0.23,0.25,0.36,0.41,0.61,1.21,0.2,0.32,0.51,1.04,0.05,3.09,3.59,4.79,0.7,0.01,0.01,0.35,0.6,0.85,0.09,0.09,0.1,0.11,0.15,-0.22,..,..
28-Oct-20,,0.5,2.45,8.03,..t,..t,..t,..t,..t,..t,..t,..t,0.2337,0.24,0.25,0.36,0.41,0.59,1.17,0.21,0.32,0.5,1.01,0.05,3.09,3.59,4.79,0.7,0.01,0.01,0.35,0.6,0.85,0.12,0.1,0.09,0.12,0.17,-0.28,..,..
4-Nov-20,,0.5,2.45,8.03,..t,..t,..t,..t,..t,..t,..t,..t,0.2231,0.26,0.27,0.38,0.43,0.61,1.19,0.24,0.34,0.52,1.03,0.05,3.09,3.59,4.79,0.7,0.01,0.01,0.35,0.6,0.85,0.1,0.11,0.1,0.15,0.19,-0.23,..,..
11-Nov-20,,0.5,2.45,8.03,..t,..t,..t,..t,..t,..t,..t,..t,0.2125,0.27,0.3,0.48,0.55,0.77,1.33,0.26,0.42,0.66,1.17,0.05,3.09,3.59,4.79,0.7,0.01,0.01,0.35,0.6,0.85,0.1,0.11,0.1,0.12,0.18,-0.23,..,..
18-Nov-20,,0.5,2.45,8.03,..t,..t,..t,..t,..t,..t,..t,..t,0.2259,0.27,0.3,0.44,0.5,0.7,1.25,0.26,0.39,0.6,1.08,0.05,3.09,3.59,4.79,0.7,0.01,0.01,0.35,0.6,0.85,0.11,0.11,0.11,0.13,0.2,-0.28,..,..
25-Nov-20,,0.5,2.45,8.03,..t,..t,..t,..t,..t,..t,..t,..t,0.2336,0.27,0.3,0.45,0.51,0.7,1.22,0.26,0.39,0.6,1.06,0.05,3.09,3.59,4.79,0.7,0.01,0.01,0.35,0.6,0.85,0.16,0.12,0.12,0.13,0.19,-0.3,..,..
2-Dec-20,,0.5,2.45,8.03,..t,..t,..t,..t,..t,..t,..t,..t,0.2269,0.27,0.31,0.47,0.54,0.76,1.28,0.26,0.41,0.66,1.17,0.05,3.09,3.59,4.79,0.7,0.01,0.01,0.35,0.6,0.85,0.1,0.11,0.12,0.15,0.21,-0.22,..,..
9-Dec-20,,0.5,2.45,8.03,..t,..t,..t,..t,..t,..t,..t,..t,0.2136,0.27,0.32,0.47,0.54,0.75,1.3,0.27,0.41,0.65,1.18,0.05,3.09,3.45,4.79,0.7,0.01,0.01,0.35,0.6,0.95,0.12,0.11,0.13,0.13,0.22,-0.21,..,..
16-Dec-20,,0.5,2.45,8.03,..t,..t,..t,..t,..t,..t,..t,..t,0.2051,0.25,0.3,0.45,0.52,0.73,1.3,0.24,0.38,0.63,1.18,0.05,3.09,3.49,4.79,0.7,0.01,0.01,0.35,0.6,0.95,0.1,0.1,0.12,0.15,0.2,-0.2,..,..
23-Dec-20,,0.5,2.45,8.03,..t,..t,..t,..t,..t,..t,..t,..t,0.1918,0.23,0.28,0.43,0.5,0.73,1.28,0.22,0.37,0.63,1.17,0.05,3.09,3.49,4.79,0.7,0.01,0.01,0.35,0.6,0.8,0.09,0.08,0.09,0.12,0.16,-0.23,..,..
30-Dec-20,,0.5,2.45,8.03,..t,..t,..t,..t,..t,..t,..t,..t,0.1741,0.2,0.25,0.41,0.48,0.7,1.24,0.2,0.35,0.6,1.13,0.05,3.09,3.49,4.79,0.7,0.01,0.01,0.35,0.6,0.8,0.04,0.04,0.07,0.1,0.15,-0.27,..,..
6-Jan-21,,0.5,2.45,7.7,..t,..t,..t,..t,..t,..t,..t,..t,0.1586,0.18,0.23,0.41,0.49,0.75,1.36,0.18,0.34,0.63,1.23,0.05,3.09,3.49,4.79,0.7,0.01,0.01,0.35,0.6,0.8,0.04,0.06,0.06,0.1,0.15,-0.22,..,..
13-Jan-21,,0.5,2.45,7.7,..t,..t,..t,..t,..t,..t,..t,..t,0.1984,0.16,0.21,0.44,0.53,0.81,1.44,0.16,0.36,0.69,1.31,0.05,2.79,3.49,4.79,0.7,0.01,0.01,0.35,0.6,0.8,0.07,0.06,0.06,0.1,0.13,-0.16,..,..
20-Jan-21,,0.5,2.45,7.7,..t,..t,..t,..t,..t,..t,..t,..t,0.1832,0.16,0.2,0.43,0.53,0.83,1.47,0.16,0.35,0.69,1.33,0.05,2.79,3.49,4.79,0.7,0.01,0.01,0.35,0.6,0.8,0.06,0.06,0.05,0.09,0.12,-0.13,..,..
27-Jan-21,,0.5,2.45,7.7,..t,..t,..t,..t,..t,..t,..t,..t,0.1826,0.16,0.19,0.41,0.52,0.8,1.45,0.15,0.33,0.67,1.32,0.05,2.79,3.49,4.79,0.7,0.01,0.01,0.35,0.6,0.8,0.05,0.05,0.06,0.09,0.12,-0.12,..,..
3-Feb-21,,0.5,2.45,7.7,..t,..t,..t,..t,..t,..t,..t,..t,0.1932,0.17,0.22,0.46,0.58,0.94,1.52,0.17,0.37,0.75,1.4,0.05,2.79,3.49,4.79,0.7,0.01,0.01,0.35,0.5,0.8,0.07,0.07,0.06,0.09,0.13,-0.1,..,..
10-Feb-21,,0.5,2.45,7.7,..t,..t,..t,..t,..t,..t,..t,..t,0.2108,0.19,0.23,0.49,0.62,0.99,1.58,0.17,0.39,0.79,1.46,0.05,2.79,3.49,4.79,0.7,0.01,0.01,0.35,0.5,0.8,0.09,0.08,0.08,0.09,0.12,-0.08,..,..
17-Feb-21,,0.5,2.45,7.7,..t,..t,..t,..t,..t,..t,..t,..t,0.2185,0.21,0.26,0.58,0.73,1.11,1.69,0.2,0.45,0.89,1.58,0.05,2.79,3.49,4.79,0.7,0.01,0.01,0.35,0.5,0.8,0.08,0.08,0.08,0.1,0.15,-0.01,..,..
24-Feb-21,,0.5,2.45,7.7,..t,..t,..t,..t,..t,..t,..t,..t,0.2143,0.23,0.32,0.73,0.91,1.31,1.88,0.23,0.58,1.09,1.77,0.05,2.79,3.49,4.79,0.7,0.01,0.01,0.3,0.5,0.8,0.09,0.1,0.11,0.14,0.14,0.2,..,..
3-Mar-21,,0.5,2.45,7.7,..t,..t,..t,..t,..t,..t,..t,..t,0.2085,0.26,0.33,0.83,1.03,1.4,1.82,0.27,0.7,1.25,1.74,0.05,2.79,3.49,4.79,0.7,0.01,0.01,0.3,0.5,0.8,0.09,0.11,0.12,0.16,0.18,0.15,..,..
10-Mar-21,,0.5,2.45,7.7,..t,..t,..t,..t,..t,..t,..t,..t,0.2093,0.24,0.45,0.91,1.14,1.41,1.84,0.25,0.69,1.25,1.76,0.05,2.79,3.49,4.79,0.7,0.01,0.01,0.3,0.5,0.85,0.1,0.11,0.11,0.15,0.17,0.13,..,..
17-Mar-21,,0.5,2.45,7.7,..t,..t,..t,..t,..t,..t,..t,..t,0.1952,0.27,0.51,0.99,1.28,1.58,2.08,0.28,0.76,1.4,1.99,0.05,2.79,3.49,4.79,0.7,0.01,0.01,0.25,0.5,0.95,0.1,0.1,0.11,0.15,0.18,0.32,..,..
24-Mar-21,,0.5,2.45,7.7,..t,..t,..t,..t,..t,..t,..t,..t,0.1554,0.24,0.48,0.92,1.17,1.47,1.91,0.24,0.7,1.29,1.84,0.05,2.79,3.49,4.79,0.7,0.01,0.01,0.25,0.5,1.05,0.07,0.08,0.1,0.13,0.15,0.15,..,..
31-Mar-21,,0.5,2.45,7.7,..t,..t,..t,..t,..t,..t,..t,..t,0.1529,0.22,0.49,0.99,1.26,1.55,1.97,0.23,0.74,1.39,1.9,0.05,2.79,3.49,4.79,0.7,0.01,0.01,0.25,0.5,1.05,0.06,0.07,0.09,0.12,0.16,0.22,..,..
7-Apr-21,,0.5,2.45,7.7,..t,..t,..t,..t,..t,..t,..t,..t,0.1459,0.23,0.49,0.94,1.21,1.5,1.94,0.26,0.76,1.33,1.86,0.05,2.79,3.49,4.79,0.7,0.01,0.01,0.25,0.5,1.05,0.07,0.08,0.09,0.11,0.16,0.24,..,..
14-Apr-21,,0.5,2.45,7.7,..t,..t,..t,..t,..t,..t,..t,..t,0.1545,0.24,0.49,0.95,1.24,1.53,1.96,0.28,0.77,1.35,1.88,0.05,2.79,3.49,4.79,0.7,0.01,0.01,0.25,0.5,1,0.07,0.08,0.09,0.13,0.17,0.28,..,..
21-Apr-21,,0.5,2.45,7.7,..t,..t,..t,..t,..t,..t,..t,..t,0.1712,0.3,0.48,0.94,1.21,1.52,2.01,0.3,0.76,1.33,1.93,0.05,2.79,3.49,4.79,0.7,0.01,0.01,0.25,0.5,1,0.07,0.06,0.09,0.14,0.22,0.34,..,..
28-Apr-21,,0.5,2.45,7.7,..t,..t,..t,..t,..t,..t,..t,..t,0.1669,0.31,0.48,0.93,1.22,1.53,2.07,0.3,0.75,1.34,1.96,0.05,2.79,3.49,4.79,0.7,0.01,0.01,0.25,0.5,1,0.07,0.08,0.1,0.15,0.2,0.38,..,..
5-May-21,,0.5,2.45,7.7,..t,..t,..t,..t,..t,..t,..t,..t,0.1693,0.3,0.49,0.91,1.18,1.51,2.06,0.29,0.73,1.32,1.95,0.05,2.79,3.49,4.79,0.7,0.01,0.01,0.25,0.5,1,0.06,0.07,0.1,0.15,0.18,0.34,..,..
12-May-21,,0.5,2.45,7.7,..t,..t,..t,..t,..t,..t,..t,..t,0.1705,0.33,0.53,0.97,1.26,1.59,2.19,0.33,0.79,1.39,2.05,0.05,2.79,3.49,4.79,0.7,0.01,0.01,0.25,0.5,1,0.07,0.06,0.1,0.14,0.18,0.33,..,..
19-May-21,,0.5,2.45,7.7,..t,..t,..t,..t,..t,..t,..t,..t,0.1848,0.33,0.53,0.96,1.24,1.58,2.18,0.33,0.79,1.36,2.04,0.05,2.79,3.49,4.79,0.7,0.01,0.01,0.25,0.6,1,0.18,0.05,0.09,0.12,0.2,0.32,..,..
26-May-21,,0.5,2.45,7.7,..t,..t,..t,..t,..t,..t,..t,..t,0.1872,0.31,0.49,0.87,1.14,1.45,2.04,0.3,0.71,1.25,1.91,0.05,2.79,3.49,4.79,0.7,0.01,0.01,0.25,0.6,1,0.08,0.07,0.1,0.13,0.2,0.21,..,..
2-Jun-21,,0.5,2.45,7.7,..t,..t,..t,..t,..t,..t,..t,..t,0.1972,0.32,0.51,0.9,1.19,1.49,2.02,0.32,0.78,1.35,1.94,0.05,2.79,3.49,4.79,0.7,0.01,0.01,0.25,0.6,1,0.1,0.1,0.12,0.15,0.2,0.2,..,..
9-Jun-21,,0.5,2.45,7.7,..t,..t,..t,..t,..t,..t,..t,..t,0.1858,0.32,0.49,0.85,1.11,1.41,1.95,0.32,0.74,1.26,1.86,0.05,2.79,3.49,4.79,0.7,0.01,0.01,0.25,0.6,1,0.1,0.1,0.11,0.16,0.21,0.15,..,..
16-Jun-21,,0.5,2.45,7.7,..t,..t,..t,..t,..t,..t,..t,..t,0.1897,0.36,0.54,0.92,1.15,1.44,1.95,0.37,0.8,1.3,1.86,0.05,2.79,3.49,4.79,0.7,0.01,0.01,0.25,0.6,1,0.1,0.11,0.12,0.16,0.22,0.13,..,..
23-Jun-21,,0.5,2.45,7.7,..t,..t,..t,..t,..t,..t,..t,..t,0.1818,0.42,0.61,0.97,1.17,1.42,1.86,0.42,0.86,1.31,1.79,0.05,2.79,3.49,4.79,0.7,0.01,0.01,0.25,0.6,1,0.14,0.13,0.14,0.18,0.23,0.11,..,..
30-Jun-21,,0.5,2.45,7.7,..t,..t,..t,..t,..t,..t,..t,..t,0.1873,0.45,0.65,0.97,1.15,1.39,1.84,0.44,0.87,1.28,1.77,0.05,2.79,3.49,4.79,0.7,0.01,0.01,0.25,0.6,1,0.14,0.13,0.15,0.17,0.23,0.11,..,..
7-Jul-21,,0.5,2.45,7.7,..t,..t,..t,..t,..t,..t,..t,..t,0.1884,0.48,0.66,0.93,1.1,1.29,1.76,0.47,0.84,1.21,1.69,0.05,2.79,3.49,4.79,0.7,0.01,0.01,0.25,0.6,1,0.16,0.15,0.16,0.19,0.25,0.07,..,..
14-Jul-21,,0.5,2.45,7.7,..t,..t,..t,..t,..t,..t,..t,..t,0.1923,0.45,0.64,0.91,1.09,1.29,1.81,0.44,0.82,1.2,1.73,0.05,2.79,3.49,4.79,0.7,0.01,0.01,0.25,0.6,1,0.16,0.14,0.17,0.2,0.28,0.12,..,..
21-Jul-21,,0.5,2.45,7.7,..t,..t,..t,..t,..t,..t,..t,..t,0.19,0.46,0.57,0.8,1,1.22,1.8,0.39,0.73,1.12,1.71,0.05,2.79,3.49,4.79,0.7,0.01,0.01,0.25,0.6,1,0.18,0.14,0.17,0.19,0.28,0.14,..,..
28-Jul-21,,0.5,2.45,7.7,..t,..t,..t,..t,..t,..t,..t,..t,0.193,0.45,0.55,0.78,0.94,1.17,1.73,0.38,0.71,1.07,1.64,0.05,2.79,3.49,4.79,0.7,0.01,0.01,0.25,0.6,1,0.16,0.15,0.17,0.19,0.28,0.02,..,..
4-Aug-21,,0.5,2.45,7.7,..t,..t,..t,..t,..t,..t,..t,..t,0.1891,0.44,0.53,0.78,0.92,1.13,1.7,0.39,0.71,1.04,1.62,0.05,2.79,3.49,4.79,0.7,0.01,0.01,0.25,0.6,1,0.18,0.17,0.17,0.19,0.27,0.04,..,..
11-Aug-21,,0.5,2.45,7.7,..t,..t,..t,..t,..t,..t,..t,..t,0.2055,0.47,0.59,0.89,1.05,1.26,1.82,0.42,0.81,1.16,1.73,0.05,2.79,3.49,4.79,0.7,0.01,0.01,0.25,0.6,1,0.15,0.17,0.17,0.18,0.26,0.15,..,..
18-Aug-21,,0.5,2.45,7.7,..t,..t,..t,..t,..t,..t,..t,..t,0.1852,0.45,0.56,0.82,0.96,1.16,1.74,0.4,0.75,1.07,1.65,0.05,2.79,3.49,4.79,0.7,0.01,0.01,0.25,0.6,1,0.19,0.18,0.19,0.19,0.26,0.09,..,..
25-Aug-21,,0.5,2.45,7.7,..t,..t,..t,..t,..t,..t,..t,..t,0.2026,0.45,0.57,0.87,1.04,1.25,1.82,0.42,0.78,1.15,1.73,0.05,2.79,3.49,4.79,0.7,0.01,0.01,0.25,0.6,1,0.19,0.21,0.18,0.17,0.27,0.15,..,..
1-Sep-21,,0.5,2.45,7.7,..t,..t,..t,..t,..t,..t,..t,..t,0.2095,0.41,0.51,0.79,0.96,1.18,1.74,0.37,0.71,1.08,1.65,0.05,2.79,3.49,4.79,0.7,0.01,0.01,0.25,0.6,1,0.19,0.15,0.12,0.18,0.25,0.06,..,..
8-Sep-21,,0.5,2.45,7.7,..t,..t,..t,..t,..t,..t,..t,..t,0.1898,0.39,0.49,0.8,0.98,1.2,1.77,0.38,0.74,1.13,1.69,0.05,2.79,3.49,4.79,0.7,0.01,0.01,0.25,0.6,1,0.19,0.14,0.15,0.17,0.27,0.04,..,..
15-Sep-21,,0.5,2.45,7.7,..t,..t,..t,..t,..t,..t,..t,..t,0.1878,0.42,0.52,0.83,1,1.22,1.77,0.41,0.77,1.15,1.69,0.05,2.79,3.49,4.79,0.7,0.01,0.01,0.25,0.6,1,0.19,0.13,0.15,0.18,0.28,0.03,..,..
22-Sep-21,,0.5,2.45,7.7,..t,..t,..t,..t,..t,..t,..t,..t,0.1873,0.45,0.56,0.92,1.01,1.21,1.75,0.44,0.8,1.15,1.68,0.05,2.79,3.49,4.79,0.7,0.01,0.01,0.25,0.6,1,0.2,0.11,0.12,0.15,0.26,0.05,..,..
